name,position,season_points,appearances,starts,sub_appearances,starter_ppg_est,sub_ppg_est,overall_ppg,prior_start_rate,prior_appearance_rate
Gabriel dos Santos Magalhães,DEF,209.0,31.0,30.0,1.0,6.933333,1.0,5.5,0.789474,0.815789
Marc Guéhi,DEF,179.0,35.0,35.0,0.0,5.114286,0.0,4.710526,0.921053,0.921053
Marcos Senesi Barón,DEF,175.0,36.0,36.0,0.0,4.861111,0.0,4.605263,0.947368,0.947368
Virgil van Dijk,DEF,175.0,37.0,37.0,0.0,4.72973,0.0,4.605263,0.973684,0.973684
James Tarkowski,DEF,170.0,36.0,36.0,0.0,4.722222,0.0,4.473684,0.947368,0.947368
Adrien Truffert,DEF,165.0,37.0,37.0,0.0,4.459459,0.0,4.342105,0.973684,0.973684
Nico O'Reilly,DEF,160.0,34.0,29.0,5.0,5.344828,1.0,4.210526,0.763158,0.894737
Matheus Nunes,DEF,154.0,34.0,32.0,2.0,4.75,1.0,4.052632,0.842105,0.894737
Maxence Lacroix,DEF,154.0,35.0,35.0,0.0,4.4,0.0,4.052632,0.921053,0.921053
Nordi Mukiele,DEF,151.0,31.0,31.0,0.0,4.870968,0.0,3.973684,0.815789,0.815789
Jurriën Timber,DEF,149.0,30.0,28.0,2.0,5.25,1.0,3.921053,0.736842,0.789474
Jan Paul van Hecke,DEF,148.0,35.0,35.0,0.0,4.228571,0.0,3.894737,0.921053,0.921053
William Saliba,DEF,137.0,31.0,30.0,1.0,4.533333,1.0,3.605263,0.789474,0.815789
Daniel Muñoz Mejía,DEF,136.0,28.0,28.0,0.0,4.857143,0.0,3.578947,0.736842,0.736842
Trevoh Chalobah,DEF,136.0,33.0,31.0,2.0,4.322581,1.0,3.578947,0.815789,0.868421
Tyrick Mitchell,DEF,135.0,37.0,36.0,1.0,3.722222,1.0,3.552632,0.947368,0.973684
Michael Keane,DEF,131.0,32.0,28.0,4.0,4.535714,1.0,3.447368,0.736842,0.842105
Ibrahima Konaté,DEF,129.0,35.0,35.0,0.0,3.685714,0.0,3.394737,0.921053,0.921053
Nathan Collins,DEF,129.0,34.0,31.0,3.0,4.064516,1.0,3.394737,0.815789,0.894737
Neco Williams,DEF,128.0,36.0,35.0,1.0,3.628571,1.0,3.368421,0.921053,0.947368
Chris Richards,DEF,128.0,33.0,31.0,2.0,4.064516,1.0,3.368421,0.815789,0.868421
Malick Thiaw,DEF,126.0,34.0,32.0,2.0,3.875,1.0,3.315789,0.842105,0.894737
Omar Alderete,DEF,125.0,33.0,32.0,1.0,3.875,1.0,3.289474,0.842105,0.868421
Joachim Andersen,DEF,123.0,33.0,33.0,0.0,3.727273,0.0,3.236842,0.868421,0.868421
Konstantinos Mavropanos,DEF,122.0,30.0,26.0,4.0,4.538462,1.0,3.210526,0.684211,0.789474
Nikola Milenković,DEF,119.0,37.0,36.0,1.0,3.277778,1.0,3.131579,0.947368,0.973684
Ferdi Kadıoğlu,DEF,118.0,36.0,33.0,3.0,3.484848,1.0,3.105263,0.868421,0.947368
Matty Cash,DEF,117.0,34.0,34.0,0.0,3.441176,0.0,3.078947,0.894737,0.894737
Pedro Porro Sauceda,DEF,117.0,33.0,31.0,2.0,3.709677,1.0,3.078947,0.815789,0.868421
Daniel Ballard,DEF,116.0,29.0,24.0,5.0,4.625,1.0,3.052632,0.631579,0.763158
Micky van de Ven,DEF,116.0,34.0,34.0,0.0,3.411765,0.0,3.052632,0.894737,0.894737
Jake O'Brien,DEF,116.0,36.0,34.0,2.0,3.352941,1.0,3.052632,0.894737,0.947368
Keane Lewis-Potter,DEF,115.0,35.0,21.0,14.0,4.809524,1.0,3.026316,0.552632,0.921053
Reece James,DEF,115.0,28.0,20.0,8.0,5.35,1.0,3.026316,0.526316,0.736842
Rúben dos Santos Gato Alves Dias,DEF,113.0,25.0,23.0,2.0,4.826087,1.0,2.973684,0.605263,0.657895
Michael Kayode,DEF,113.0,36.0,36.0,0.0,3.138889,0.0,2.973684,0.947368,0.947368
Sepp van den Berg,DEF,113.0,31.0,29.0,2.0,3.827586,1.0,2.973684,0.763158,0.815789
Luke Shaw,DEF,113.0,37.0,37.0,0.0,3.054054,0.0,2.973684,0.973684,0.973684
Diogo Dalot Teixeira,DEF,111.0,34.0,29.0,5.0,3.655172,1.0,2.921053,0.763158,0.894737
James Hill,DEF,110.0,28.0,21.0,7.0,4.904762,1.0,2.894737,0.552632,0.736842
Trai Hume,DEF,110.0,37.0,33.0,4.0,3.212121,1.0,2.894737,0.868421,0.973684
Riccardo Calafiori,DEF,109.0,25.0,21.0,4.0,5.0,1.0,2.868421,0.552632,0.657895
Joe Rodon,DEF,109.0,34.0,32.0,2.0,3.34375,1.0,2.868421,0.842105,0.894737
Pascal Struijk,DEF,108.0,33.0,32.0,1.0,3.34375,1.0,2.842105,0.842105,0.868421
El Hadji Malick Diouf,DEF,104.0,31.0,29.0,2.0,3.517241,1.0,2.736842,0.763158,0.815789
Marc Cucurella Saseta,DEF,104.0,33.0,30.0,3.0,3.366667,1.0,2.736842,0.789474,0.868421
Calvin Bassey,DEF,103.0,29.0,27.0,2.0,3.740741,1.0,2.710526,0.710526,0.763158
Ezri Konsa Ngoyo,DEF,100.0,34.0,34.0,0.0,2.941176,0.0,2.631579,0.894737,0.894737
Lewis Dunk,DEF,100.0,32.0,30.0,2.0,3.266667,1.0,2.631579,0.789474,0.842105
Jaka Bijol,DEF,99.0,24.0,20.0,4.0,4.75,1.0,2.605263,0.526316,0.631579
Lucas Digne,DEF,97.0,31.0,21.0,10.0,4.142857,1.0,2.552632,0.552632,0.815789
Malo Gusto,DEF,96.0,33.0,25.0,8.0,3.52,1.0,2.526316,0.657895,0.868421
Jayden Bogle,DEF,96.0,33.0,31.0,2.0,3.032258,1.0,2.526316,0.815789,0.868421
Patrick Dorgu,DEF,95.0,25.0,14.0,11.0,6.0,1.0,2.5,0.368421,0.657895
Vitalii Mykolenko,DEF,95.0,32.0,32.0,0.0,2.96875,0.0,2.5,0.842105,0.842105
James Justin,DEF,94.0,28.0,20.0,8.0,4.3,1.0,2.473684,0.526316,0.736842
Dan Burn,DEF,93.0,28.0,24.0,4.0,3.708333,1.0,2.447368,0.631579,0.736842
Santiago Ignacio Bueno,DEF,92.0,28.0,27.0,1.0,3.37037,1.0,2.421053,0.710526,0.736842
Cristian Romero,DEF,91.0,23.0,22.0,1.0,4.090909,1.0,2.394737,0.578947,0.605263
Harry Maguire,DEF,90.0,22.0,18.0,4.0,4.777778,1.0,2.368421,0.473684,0.578947
Sven Botman,DEF,89.0,24.0,20.0,4.0,4.25,1.0,2.342105,0.526316,0.631579
Piero Hincapié,DEF,87.0,24.0,19.0,5.0,4.315789,1.0,2.289474,0.5,0.631579
Milos Kerkez,DEF,85.0,33.0,27.0,6.0,2.925926,1.0,2.236842,0.710526,0.868421
Maxime Estève,DEF,85.0,34.0,34.0,0.0,2.5,0.0,2.236842,0.894737,0.894737
Maxim De Cuyper,DEF,84.0,29.0,16.0,13.0,4.4375,1.0,2.210526,0.421053,0.763158
Hugo Bueno López,DEF,83.0,34.0,26.0,8.0,2.884615,1.0,2.184211,0.684211,0.894737
Murillo Costa dos Santos,DEF,83.0,25.0,25.0,0.0,3.32,0.0,2.184211,0.657895,0.657895
Kenny Tete,DEF,81.0,22.0,21.0,1.0,3.809524,1.0,2.131579,0.552632,0.578947
Lewis Hall,DEF,79.0,29.0,23.0,6.0,3.173913,1.0,2.078947,0.605263,0.763158
Joško Gvardiol,DEF,79.0,17.0,16.0,1.0,4.875,1.0,2.078947,0.421053,0.447368
Djed Spence,DEF,78.0,29.0,22.0,7.0,3.227273,1.0,2.052632,0.578947,0.763158
Kristoffer Ajer,DEF,76.0,27.0,20.0,7.0,3.45,1.0,2.0,0.526316,0.710526
Reinildo Mandava,DEF,74.0,24.0,22.0,2.0,3.272727,1.0,1.947368,0.578947,0.631579
Álex Jiménez Sánchez,DEF,74.0,31.0,26.0,5.0,2.653846,1.0,1.947368,0.684211,0.815789
Jaydee Canvot,DEF,72.0,20.0,14.0,6.0,4.714286,1.0,1.894737,0.368421,0.526316
Kyle Walker,DEF,70.0,35.0,34.0,1.0,2.029412,1.0,1.842105,0.894737,0.921053
Gabriel Gudmundsson,DEF,68.0,32.0,31.0,1.0,2.16129,1.0,1.789474,0.815789,0.842105
Ladislav Krejcí,DEF,68.0,27.0,26.0,1.0,2.576923,1.0,1.789474,0.684211,0.710526
Aaron Wan-Bissaka,DEF,67.0,25.0,23.0,2.0,2.826087,1.0,1.763158,0.605263,0.657895
Abdukodir Khusanov,DEF,67.0,21.0,15.0,6.0,4.066667,1.0,1.763158,0.394737,0.552632
Ola Aina,DEF,67.0,18.0,18.0,0.0,3.722222,0.0,1.763158,0.473684,0.473684
Antonee Robinson,DEF,65.0,21.0,16.0,5.0,3.75,1.0,1.710526,0.421053,0.552632
Wesley Fofana,DEF,65.0,24.0,19.0,5.0,3.157895,1.0,1.710526,0.5,0.631579
Pau Torres,DEF,64.0,20.0,18.0,2.0,3.444444,1.0,1.684211,0.473684,0.526316
Jeremie Frimpong,DEF,63.0,20.0,12.0,8.0,4.583333,1.0,1.657895,0.315789,0.526316
Kevin Danso,DEF,63.0,23.0,16.0,7.0,3.5,1.0,1.657895,0.421053,0.605263
Quilindschy Hartman,DEF,63.0,21.0,21.0,0.0,3.0,0.0,1.657895,0.552632,0.552632
Timothy Castagne,DEF,61.0,29.0,19.0,10.0,2.684211,1.0,1.605263,0.5,0.763158
Yerson Mosquera Valdelamar,DEF,61.0,26.0,23.0,3.0,2.521739,1.0,1.605263,0.605263,0.684211
Rayan Aït-Nouri,DEF,60.0,16.0,12.0,4.0,4.666667,1.0,1.578947,0.315789,0.421053
Tino Livramento,DEF,59.0,17.0,14.0,3.0,4.0,1.0,1.552632,0.368421,0.447368
Adam Smith,DEF,58.0,21.0,13.0,8.0,3.846154,1.0,1.526316,0.342105,0.552632
Leny Yoro,DEF,56.0,31.0,18.0,13.0,2.388889,1.0,1.473684,0.473684,0.815789
Andrew Robertson,DEF,55.0,23.0,10.0,13.0,4.2,1.0,1.447368,0.263158,0.605263
Lutsharel Geertruida,DEF,55.0,27.0,16.0,11.0,2.75,1.0,1.447368,0.421053,0.710526
Ian Maatsen,DEF,54.0,29.0,16.0,13.0,2.5625,1.0,1.421053,0.421053,0.763158
Kieran Trippier,DEF,54.0,21.0,18.0,3.0,2.833333,1.0,1.421053,0.473684,0.552632
Kyle Walker-Peters,DEF,53.0,22.0,14.0,8.0,3.214286,1.0,1.394737,0.368421,0.578947
Felipe Rodrigues da Silva,DEF,53.0,20.0,13.0,7.0,3.538462,1.0,1.394737,0.342105,0.526316
Noussair Mazraoui,DEF,53.0,19.0,10.0,9.0,4.4,1.0,1.394737,0.263158,0.5
Hjalmar Ekdal,DEF,52.0,19.0,17.0,2.0,2.941176,1.0,1.368421,0.447368,0.5
Rico Henry,DEF,52.0,25.0,14.0,11.0,2.928571,1.0,1.368421,0.368421,0.657895
Jackson Tchatchoua,DEF,52.0,31.0,19.0,12.0,2.105263,1.0,1.368421,0.5,0.815789
Fabian Schär,DEF,51.0,16.0,11.0,5.0,4.181818,1.0,1.342105,0.289474,0.421053
Lisandro Martínez,DEF,51.0,17.0,12.0,5.0,3.833333,1.0,1.342105,0.315789,0.447368
Tyrone Mings,DEF,50.0,16.0,14.0,2.0,3.428571,1.0,1.315789,0.368421,0.421053
Axel Disasi,DEF,49.0,13.0,13.0,0.0,3.769231,0.0,1.289474,0.342105,0.342105
Rodrigo Martins Gomes,DEF,48.0,21.0,8.0,13.0,4.375,1.0,1.263158,0.210526,0.552632
Bashir Humphreys,DEF,47.0,19.0,16.0,3.0,2.75,1.0,1.236842,0.421053,0.5
Bafodé Diakité,DEF,46.0,18.0,15.0,3.0,2.866667,1.0,1.210526,0.394737,0.473684
Joël Veltman,DEF,46.0,24.0,9.0,15.0,3.444444,1.0,1.210526,0.236842,0.631579
Jean-Clair Todibo,DEF,46.0,23.0,22.0,1.0,2.045455,1.0,1.210526,0.578947,0.605263
Benjamin White,DEF,45.0,12.0,9.0,3.0,4.666667,1.0,1.184211,0.236842,0.315789
Matthijs de Ligt,DEF,43.0,13.0,13.0,0.0,3.307692,0.0,1.131579,0.342105,0.342105
Conor Bradley,DEF,42.0,15.0,12.0,3.0,3.25,1.0,1.105263,0.315789,0.394737
Ayden Heaven,DEF,42.0,17.0,11.0,6.0,3.272727,1.0,1.105263,0.289474,0.447368
Toti Gomes,DEF,41.0,18.0,17.0,1.0,2.352941,1.0,1.078947,0.447368,0.473684
Lamare Bogarde,DEF,40.0,27.0,10.0,17.0,2.3,1.0,1.052632,0.263158,0.710526
Cristhian Mosquera,DEF,40.0,19.0,8.0,11.0,3.625,1.0,1.052632,0.210526,0.5
Jorge Cuenca Barreno,DEF,39.0,14.0,11.0,3.0,3.272727,1.0,1.026316,0.289474,0.368421
Olivier Boscagli,DEF,39.0,12.0,9.0,3.0,4.0,1.0,1.026316,0.236842,0.315789
Josh Acheampong,DEF,39.0,16.0,8.0,8.0,3.875,1.0,1.026316,0.210526,0.421053
Nicolò Savona,DEF,39.0,14.0,11.0,3.0,3.272727,1.0,1.026316,0.289474,0.368421
Aaron Hickey,DEF,37.0,20.0,8.0,12.0,3.125,1.0,0.973684,0.210526,0.526316
Maximilian Kilman,DEF,36.0,21.0,17.0,4.0,1.882353,1.0,0.947368,0.447368,0.552632
Nathan Aké,DEF,36.0,17.0,5.0,12.0,4.8,1.0,0.947368,0.131579,0.447368
David Møller Wolfe,DEF,35.0,21.0,10.0,11.0,2.4,1.0,0.921053,0.263158,0.552632
Axel Tuanzebe,DEF,34.0,13.0,13.0,0.0,2.615385,0.0,0.894737,0.342105,0.342105
Tosin Adarabioyo,DEF,34.0,16.0,8.0,8.0,3.25,1.0,0.894737,0.210526,0.421053
Joe Gomez,DEF,33.0,20.0,7.0,13.0,2.857143,1.0,0.868421,0.184211,0.526316
Jarrad Branthwaite,DEF,32.0,10.0,7.0,3.0,4.142857,1.0,0.842105,0.184211,0.263158
Issa Diop,DEF,31.0,12.0,7.0,5.0,3.714286,1.0,0.815789,0.184211,0.315789
Destiny Udogie,DEF,29.0,19.0,13.0,6.0,1.769231,1.0,0.763158,0.342105,0.5
Myles Lewis-Skelly,DEF,29.0,19.0,4.0,15.0,3.5,1.0,0.763158,0.105263,0.5
Victor Lindelöf,DEF,29.0,16.0,10.0,6.0,2.3,1.0,0.763158,0.263158,0.421053
Luke O'Nien,DEF,26.0,11.0,4.0,7.0,4.75,1.0,0.684211,0.105263,0.289474
Lucas Pires Silva,DEF,25.0,19.0,14.0,5.0,1.428571,1.0,0.657895,0.368421,0.5
Sebastiaan Bornauw,DEF,25.0,11.0,5.0,6.0,3.8,1.0,0.657895,0.131579,0.289474
Emmanuel Agbadou,DEF,23.0,14.0,12.0,2.0,1.75,1.0,0.605263,0.315789,0.368421
Nathan Patterson,DEF,22.0,7.0,3.0,4.0,6.0,1.0,0.578947,0.078947,0.184211
Ollie Scarles,DEF,21.0,13.0,9.0,4.0,1.888889,1.0,0.552632,0.236842,0.342105
Joe Worrall,DEF,20.0,11.0,5.0,6.0,2.8,1.0,0.526316,0.131579,0.289474
Chadi Riad Dnanou,DEF,20.0,8.0,5.0,3.0,3.4,1.0,0.526316,0.131579,0.210526
Rico Lewis,DEF,19.0,10.0,3.0,7.0,4.0,1.0,0.5,0.078947,0.263158
Jorrel Hato,DEF,19.0,21.0,11.0,10.0,0.818182,1.0,0.5,0.289474,0.552632
Veljko Milosavljevic,DEF,19.0,7.0,4.0,3.0,4.0,1.0,0.5,0.105263,0.184211
Radu Drăgușin,DEF,17.0,9.0,5.0,4.0,2.6,1.0,0.447368,0.131579,0.236842
Nathaniel Clyne,DEF,17.0,9.0,6.0,3.0,2.333333,1.0,0.447368,0.157895,0.236842
John Stones,DEF,16.0,8.0,4.0,4.0,3.0,1.0,0.421053,0.105263,0.210526
Dennis Cirkin,DEF,14.0,8.0,3.0,5.0,3.0,1.0,0.368421,0.078947,0.210526
Matt Doherty,DEF,14.0,11.0,11.0,0.0,1.272727,0.0,0.368421,0.289474,0.289474
Ethan Pinnock,DEF,14.0,4.0,4.0,0.0,3.5,0.0,0.368421,0.105263,0.105263
Oliver Sonne,DEF,13.0,7.0,1.0,6.0,7.0,1.0,0.342105,0.026316,0.184211
Jair Paula da Cunha Filho,DEF,13.0,8.0,5.0,3.0,2.0,1.0,0.342105,0.131579,0.210526
Luca Netz,DEF,11.0,6.0,3.0,3.0,2.666667,1.0,0.289474,0.078947,0.157895
Diego Coppola,DEF,10.0,5.0,2.0,3.0,3.5,1.0,0.263158,0.052632,0.131579
Ben Davies,DEF,10.0,3.0,2.0,1.0,4.5,1.0,0.263158,0.052632,0.078947
Ki-Jana Hoever,DEF,10.0,8.0,6.0,2.0,1.333333,1.0,0.263158,0.157895,0.210526
Pedro Cardoso de Lima,DEF,10.0,8.0,3.0,5.0,1.666667,1.0,0.263158,0.078947,0.210526
Levi Samuels Colwill,DEF,8.0,2.0,1.0,1.0,7.0,1.0,0.210526,0.026316,0.052632
Benoît Badiashile Mukinayi,DEF,7.0,8.0,6.0,2.0,0.833333,1.0,0.184211,0.157895,0.210526
Oleksandr Zinchenko,DEF,7.0,5.0,4.0,1.0,1.5,1.0,0.184211,0.105263,0.131579
Igor Julio dos Santos de Paulo,DEF,6.0,4.0,1.0,3.0,3.0,1.0,0.157895,0.026316,0.105263
Borna Sosa,DEF,6.0,7.0,0.0,7.0,0.0,1.0,0.157895,0.0,0.184211
Ezra Mayers,DEF,6.0,6.0,0.0,6.0,0.0,1.0,0.157895,0.0,0.157895
Andrés García,DEF,5.0,5.0,0.0,5.0,0.0,1.0,0.131579,0.0,0.131579
Séamus Coleman,DEF,5.0,4.0,1.0,3.0,2.0,1.0,0.131579,0.026316,0.105263
Max Alleyne,DEF,5.0,2.0,2.0,0.0,2.5,0.0,0.131579,0.052632,0.052632
Julio Soler Barreto,DEF,3.0,3.0,0.0,3.0,0.0,1.0,0.078947,0.0,0.078947
Nayef Aguerd,DEF,3.0,2.0,2.0,0.0,1.5,0.0,0.078947,0.052632,0.052632
Zach Abbott,DEF,3.0,3.0,2.0,1.0,1.0,1.0,0.078947,0.052632,0.078947
Mamadou Sarr,DEF,3.0,3.0,1.0,2.0,1.0,1.0,0.078947,0.026316,0.078947
Tyrell Malacia,DEF,3.0,2.0,0.0,2.0,1.0,1.0,0.078947,0.0,0.052632
João Victor de Souza Menezes,DEF,3.0,4.0,2.0,2.0,0.5,1.0,0.078947,0.052632,0.105263
Alex Murphy,DEF,2.0,1.0,0.0,1.0,1.0,1.0,0.052632,0.0,0.026316
Jenson Seelt,DEF,2.0,2.0,1.0,1.0,1.0,1.0,0.052632,0.026316,0.052632
Sam Byram,DEF,2.0,2.0,0.0,2.0,0.0,1.0,0.052632,0.0,0.052632
Jamaal Lascelles,DEF,1.0,2.0,0.0,2.0,0.0,1.0,0.026316,0.0,0.052632
Arthur Masuaku,DEF,1.0,3.0,2.0,1.0,0.0,1.0,0.026316,0.052632,0.078947
Tyler Fredricson,DEF,1.0,1.0,0.0,1.0,0.0,1.0,0.026316,0.0,0.026316
Jun'ai Byfield,DEF,1.0,1.0,0.0,1.0,0.0,1.0,0.026316,0.0,0.026316
James Rowswell,DEF,1.0,1.0,0.0,1.0,0.0,1.0,0.026316,0.0,0.026316
Emil Krafth,DEF,0.0,1.0,1.0,0.0,0.0,0.0,0.0,0.026316,0.026316
Erling Haaland,FWD,239.0,35.0,34.0,1.0,7.0,1.0,6.289474,0.894737,0.921053
Jarrod Bowen,FWD,187.0,37.0,37.0,0.0,5.054054,0.0,4.921053,0.973684,0.973684
Igor Thiago Nascimento Rodrigues,FWD,181.0,37.0,36.0,1.0,5.0,1.0,4.763158,0.947368,0.973684
João Pedro Junqueira de Jesus,FWD,177.0,34.0,30.0,4.0,5.766667,1.0,4.657895,0.789474,0.894737
Ollie Watkins,FWD,167.0,36.0,32.0,4.0,5.09375,1.0,4.394737,0.842105,0.947368
Dominic Calvert-Lewin,FWD,142.0,34.0,29.0,5.0,4.724138,1.0,3.736842,0.763158,0.894737
Junior Kroupi,FWD,140.0,38.0,22.0,16.0,5.636364,1.0,3.684211,0.578947,1.0
Viktor Gyökeres,FWD,128.0,35.0,26.0,9.0,4.576923,1.0,3.368421,0.684211,0.921053
Danny Welbeck,FWD,126.0,36.0,25.0,11.0,4.6,1.0,3.315789,0.657895,0.947368
Hugo Ekitiké,FWD,125.0,28.0,21.0,7.0,5.619048,1.0,3.289474,0.552632,0.736842
Richarlison de Andrade,FWD,119.0,31.0,19.0,12.0,5.631579,1.0,3.131579,0.5,0.815789
Francisco Evanilson de Lima Barbosa,FWD,115.0,35.0,31.0,4.0,3.580645,1.0,3.026316,0.815789,0.921053
Igor Jesus Maciel da Cruz,FWD,114.0,36.0,27.0,9.0,3.888889,1.0,3.0,0.710526,0.947368
Jean-Philippe Mateta,FWD,114.0,31.0,25.0,6.0,4.32,1.0,3.0,0.657895,0.815789
Raúl Jiménez Rodríguez,FWD,112.0,35.0,27.0,8.0,3.851852,1.0,2.947368,0.710526,0.921053
Benjamin Sesko,FWD,111.0,30.0,17.0,13.0,5.764706,1.0,2.921053,0.447368,0.789474
Nick Woltemade,FWD,108.0,32.0,23.0,9.0,4.304348,1.0,2.842105,0.605263,0.842105
Norberto Bercique Gomes Betuncal,FWD,104.0,36.0,17.0,19.0,5.0,1.0,2.736842,0.447368,0.947368
Zian Flemming,FWD,99.0,28.0,20.0,8.0,4.55,1.0,2.605263,0.526316,0.736842
Thierno Barry,FWD,95.0,37.0,20.0,17.0,3.9,1.0,2.5,0.526316,0.973684
Brian Brobbey,FWD,92.0,30.0,21.0,9.0,3.952381,1.0,2.421053,0.552632,0.789474
Callum Wilson,FWD,80.0,31.0,11.0,20.0,5.454545,1.0,2.105263,0.289474,0.815789
William Osula,FWD,76.0,23.0,7.0,16.0,8.571429,1.0,2.0,0.184211,0.605263
Jørgen Strand Larsen,FWD,75.0,35.0,25.0,10.0,2.6,1.0,1.973684,0.657895,0.921053
Wilson Isidor,FWD,74.0,31.0,11.0,20.0,4.909091,1.0,1.947368,0.289474,0.815789
Mateus Mané,FWD,74.0,26.0,18.0,8.0,3.666667,1.0,1.947368,0.473684,0.684211
Lukas Nmecha,FWD,73.0,30.0,9.0,21.0,5.777778,1.0,1.921053,0.236842,0.789474
Tolu Arokodare,FWD,66.0,32.0,13.0,19.0,3.615385,1.0,1.736842,0.342105,0.842105
Valentín Castellanos,FWD,61.0,17.0,16.0,1.0,3.75,1.0,1.605263,0.421053,0.447368
Lyle Foster,FWD,58.0,26.0,15.0,11.0,3.133333,1.0,1.526316,0.394737,0.684211
Randal Kolo Muani,FWD,52.0,29.0,21.0,8.0,2.095238,1.0,1.368421,0.552632,0.763158
Liam Delap,FWD,45.0,27.0,12.0,15.0,2.5,1.0,1.184211,0.315789,0.710526
Armando Broja,FWD,43.0,24.0,8.0,16.0,3.375,1.0,1.131579,0.210526,0.631579
Taiwo Awoniyi,FWD,43.0,16.0,3.0,13.0,10.0,1.0,1.131579,0.078947,0.421053
Joshua Zirkzee,FWD,42.0,23.0,5.0,18.0,4.8,1.0,1.105263,0.131579,0.605263
Alexander Isak,FWD,41.0,14.0,8.0,6.0,4.375,1.0,1.078947,0.210526,0.368421
Chris Wood,FWD,41.0,14.0,10.0,4.0,3.7,1.0,1.078947,0.263158,0.368421
Eliezer Mayenda Dossou,FWD,40.0,20.0,8.0,12.0,3.5,1.0,1.052632,0.210526,0.526316
Dominic Solanke-Mitchell,FWD,40.0,15.0,11.0,4.0,3.272727,1.0,1.052632,0.289474,0.394737
Adam Armstrong,FWD,39.0,13.0,13.0,0.0,3.0,0.0,1.026316,0.342105,0.342105
Rodrigo Muniz Carvalho,FWD,36.0,20.0,9.0,11.0,2.777778,1.0,0.947368,0.236842,0.526316
Kai Havertz,FWD,36.0,11.0,7.0,4.0,4.571429,1.0,0.947368,0.184211,0.289474
Charalampos Kostoulas,FWD,35.0,20.0,2.0,18.0,8.5,1.0,0.921053,0.052632,0.526316
Enes Ünal,FWD,27.0,22.0,0.0,22.0,5.0,1.0,0.710526,0.0,0.578947
Yoane Wissa,FWD,27.0,18.0,4.0,14.0,3.25,1.0,0.710526,0.105263,0.473684
Pablo Felipe Pereira de Jesus,FWD,26.0,13.0,9.0,4.0,2.444444,1.0,0.684211,0.236842,0.342105
Gabriel Fernando de Jesus,FWD,24.0,13.0,2.0,11.0,6.5,1.0,0.631579,0.052632,0.342105
Eddie Nketiah,FWD,23.0,12.0,2.0,10.0,6.5,1.0,0.605263,0.052632,0.315789
Tammy Abraham,FWD,23.0,12.0,2.0,10.0,6.5,1.0,0.605263,0.052632,0.315789
Joël Piroe,FWD,17.0,15.0,2.0,13.0,2.0,1.0,0.447368,0.052632,0.394737
Christantus Uche,FWD,17.0,14.0,0.0,14.0,3.0,1.0,0.447368,0.0,0.368421
Stefanos Tzimas,FWD,16.0,9.0,1.0,8.0,8.0,1.0,0.421053,0.026316,0.236842
Marc Guiu Paz,FWD,13.0,10.0,1.0,9.0,4.0,1.0,0.342105,0.026316,0.263158
Niclas Füllkrug,FWD,12.0,8.0,5.0,3.0,1.8,1.0,0.315789,0.131579,0.210526
Arnaud Kalimuendo,FWD,9.0,9.0,0.0,9.0,0.0,1.0,0.236842,0.0,0.236842
Lorenzo Lucca,FWD,9.0,4.0,1.0,3.0,6.0,1.0,0.236842,0.026316,0.105263
Jonah Kusi-Asare,FWD,6.0,7.0,0.0,7.0,0.0,1.0,0.157895,0.0,0.184211
Ashley Barnes,FWD,5.0,6.0,0.0,6.0,0.0,1.0,0.131579,0.0,0.157895
Zeki Amdouni,FWD,4.0,3.0,0.0,3.0,1.0,1.0,0.105263,0.0,0.078947
Callum Marshall,FWD,2.0,2.0,0.0,2.0,0.0,1.0,0.052632,0.0,0.052632
Dane Scarlett,FWD,2.0,2.0,0.0,2.0,0.0,1.0,0.052632,0.0,0.052632
Saša Kalajdžić,FWD,1.0,1.0,0.0,1.0,0.0,1.0,0.026316,0.0,0.026316
Odsonne Édouard,FWD,1.0,1.0,0.0,1.0,0.0,1.0,0.026316,0.0,0.026316
Kaye Furo,FWD,1.0,1.0,0.0,1.0,0.0,1.0,0.026316,0.0,0.026316
Shumaira Mheuka,FWD,1.0,1.0,0.0,1.0,0.0,1.0,0.026316,0.0,0.026316
David Raya Martín,GK,162.0,37.0,37.0,0.0,4.378378,0.0,4.263158,0.973684,0.973684
Caoimhín Kelleher,GK,143.0,36.0,36.0,0.0,3.972222,0.0,3.763158,0.947368,0.947368
Robin Roefs,GK,136.0,34.0,34.0,0.0,4.0,0.0,3.578947,0.894737,0.894737
Jordan Pickford,GK,135.0,37.0,37.0,0.0,3.648649,0.0,3.552632,0.973684,0.973684
Gianluigi Donnarumma,GK,135.0,34.0,34.0,0.0,3.970588,0.0,3.552632,0.894737,0.894737
Dean Henderson,GK,131.0,36.0,36.0,0.0,3.638889,0.0,3.447368,0.947368,0.947368
Bart Verbruggen,GK,130.0,37.0,37.0,0.0,3.513514,0.0,3.421053,0.973684,0.973684
Đorđe Petrović,GK,124.0,37.0,37.0,0.0,3.351351,0.0,3.263158,0.973684,0.973684
Bernd Leno,GK,122.0,37.0,37.0,0.0,3.297297,0.0,3.210526,0.973684,0.973684
Emiliano Martínez Romero,GK,120.0,32.0,32.0,0.0,3.75,0.0,3.157895,0.842105,0.842105
Robert Lynch Sánchez,GK,113.0,34.0,34.0,0.0,3.323529,0.0,2.973684,0.894737,0.894737
Senne Lammens,GK,109.0,31.0,31.0,0.0,3.516129,0.0,2.868421,0.815789,0.815789
Matz Sels,GK,105.0,30.0,29.0,1.0,3.586207,1.0,2.763158,0.763158,0.789474
Nick Pope,GK,96.0,26.0,26.0,0.0,3.692308,0.0,2.526316,0.684211,0.684211
Martin Dúbravka,GK,96.0,35.0,35.0,0.0,2.742857,0.0,2.526316,0.921053,0.921053
Alisson Becker,GK,91.0,25.0,25.0,0.0,3.64,0.0,2.394737,0.657895,0.657895
Guglielmo Vicario,GK,90.0,31.0,31.0,0.0,2.903226,0.0,2.368421,0.815789,0.815789
Mads Hermansen,GK,76.0,17.0,17.0,0.0,4.470588,0.0,2.0,0.447368,0.447368
Karl Darlow,GK,71.0,21.0,21.0,0.0,3.380952,0.0,1.868421,0.552632,0.552632
José Malheiro de Sá,GK,68.0,22.0,22.0,0.0,3.090909,0.0,1.789474,0.578947,0.578947
Alphonse Areola,GK,51.0,20.0,20.0,0.0,2.55,0.0,1.342105,0.526316,0.526316
Lucas Estella Perri,GK,43.0,16.0,16.0,0.0,2.6875,0.0,1.131579,0.421053,0.421053
Giorgi Mamardashvili,GK,34.0,10.0,10.0,0.0,3.4,0.0,0.894737,0.263158,0.263158
Aaron Ramsdale,GK,25.0,12.0,11.0,1.0,2.181818,1.0,0.657895,0.289474,0.315789
Sam Johnstone,GK,21.0,12.0,12.0,0.0,1.75,0.0,0.552632,0.315789,0.315789
Antonín Kinský,GK,20.0,6.0,6.0,0.0,3.333333,0.0,0.526316,0.157895,0.157895
Marco Bizot,GK,16.0,6.0,5.0,1.0,3.0,1.0,0.421053,0.131579,0.157895
Melker Ellborg,GK,16.0,3.0,3.0,0.0,5.333333,0.0,0.421053,0.078947,0.078947
James Trafford,GK,13.0,3.0,3.0,0.0,4.333333,0.0,0.342105,0.078947,0.078947
Stefan Ortega Moreno,GK,11.0,3.0,3.0,0.0,3.666667,0.0,0.289474,0.078947,0.078947
Altay Bayındır,GK,11.0,6.0,6.0,0.0,1.833333,0.0,0.289474,0.157895,0.157895
John Victor Maciel Furtado,GK,11.0,5.0,5.0,0.0,2.2,0.0,0.289474,0.131579,0.131579
Filip Jörgensen,GK,9.0,5.0,3.0,2.0,2.333333,1.0,0.236842,0.078947,0.131579
Max Weiß,GK,7.0,2.0,2.0,0.0,3.5,0.0,0.184211,0.052632,0.052632
Walter Benítez,GK,7.0,1.0,1.0,0.0,7.0,0.0,0.184211,0.026316,0.026316
Freddie Woodman,GK,6.0,3.0,2.0,1.0,2.5,1.0,0.157895,0.052632,0.078947
Daniel Bentley,GK,6.0,3.0,3.0,0.0,2.0,0.0,0.157895,0.078947,0.078947
Angus Gunn,GK,1.0,1.0,0.0,1.0,0.0,1.0,0.026316,0.0,0.026316
Hákon Rafn Valdimarsson,GK,1.0,1.0,1.0,0.0,1.0,0.0,0.026316,0.026316,0.026316
Bruno Borges Fernandes,MID,235.0,34.0,34.0,0.0,6.911765,0.0,6.184211,0.894737,0.894737
Antoine Semenyo,MID,202.0,36.0,36.0,0.0,5.611111,0.0,5.315789,0.947368,0.947368
Morgan Gibbs-White,MID,188.0,36.0,34.0,2.0,5.470588,1.0,4.947368,0.894737,0.947368
Declan Rice,MID,184.0,36.0,35.0,1.0,5.228571,1.0,4.842105,0.921053,0.947368
Elliot Anderson,MID,180.0,37.0,36.0,1.0,4.972222,1.0,4.736842,0.947368,0.973684
Morgan Rogers,MID,169.0,37.0,37.0,0.0,4.567568,0.0,4.447368,0.973684,0.973684
Harry Wilson,MID,168.0,35.0,32.0,3.0,5.15625,1.0,4.421053,0.842105,0.921053
Carlos Henrique Casimiro,MID,165.0,34.0,33.0,1.0,4.969697,1.0,4.342105,0.868421,0.894737
Dominik Szoboszlai,MID,160.0,35.0,35.0,0.0,4.571429,0.0,4.210526,0.921053,0.921053
James Garner,MID,159.0,37.0,37.0,0.0,4.297297,0.0,4.184211,0.973684,0.973684
Enzo Fernández,MID,157.0,35.0,34.0,1.0,4.588235,1.0,4.131579,0.894737,0.921053
Bukayo Saka,MID,157.0,31.0,25.0,6.0,6.04,1.0,4.131579,0.657895,0.815789
Bruno Guimarães Rodriguez Moura,MID,154.0,28.0,26.0,2.0,5.846154,1.0,4.052632,0.684211,0.736842
Kiernan Dewsbury-Hall,MID,151.0,30.0,29.0,1.0,5.172414,1.0,3.973684,0.763158,0.789474
Bryan Mbeumo,MID,148.0,32.0,30.0,2.0,4.866667,1.0,3.894737,0.789474,0.842105
Enzo Le Fée,MID,147.0,35.0,32.0,3.0,4.5,1.0,3.868421,0.842105,0.921053
Ryan Gravenberch,MID,144.0,35.0,33.0,2.0,4.30303,1.0,3.789474,0.868421,0.921053
Matheus Santos Carneiro da Cunha,MID,143.0,33.0,29.0,4.0,4.793103,1.0,3.763158,0.763158,0.868421
Marcus Tavernier,MID,137.0,33.0,30.0,3.0,4.466667,1.0,3.605263,0.789474,0.868421
Anton Stach,MID,137.0,29.0,28.0,1.0,4.857143,1.0,3.605263,0.736842,0.763158
Alex Scott,MID,136.0,37.0,34.0,3.0,3.911765,1.0,3.578947,0.894737,0.973684
Dango Ouattara,MID,136.0,31.0,24.0,7.0,5.375,1.0,3.578947,0.631579,0.815789
Rayan Cherki,MID,135.0,32.0,19.0,13.0,6.421053,1.0,3.552632,0.5,0.842105
Mateus Gonçalo Espanha Fernandes,MID,135.0,35.0,34.0,1.0,3.941176,1.0,3.552632,0.894737,0.921053
Ethan Ampadu,MID,134.0,34.0,34.0,0.0,3.941176,0.0,3.526316,0.894737,0.894737
Martín Zubimendi Ibáñez,MID,133.0,37.0,33.0,4.0,3.909091,1.0,3.5,0.868421,0.973684
Cody Gakpo,MID,131.0,35.0,31.0,4.0,4.096774,1.0,3.447368,0.815789,0.921053
Phil Foden,MID,131.0,32.0,22.0,10.0,5.5,1.0,3.447368,0.578947,0.842105
Iliman Ndiaye,MID,128.0,31.0,31.0,0.0,4.129032,0.0,3.368421,0.815789,0.815789
Jaidon Anthony,MID,127.0,36.0,31.0,5.0,3.935484,1.0,3.342105,0.815789,0.947368
João Maria Lobo Alves Palhares Costa Palhinha Gonçalves,MID,126.0,32.0,22.0,10.0,5.272727,1.0,3.315789,0.578947,0.842105
Brenden Aaronson,MID,126.0,36.0,29.0,7.0,4.103448,1.0,3.315789,0.763158,0.947368
Florian Wirtz,MID,125.0,32.0,27.0,5.0,4.444444,1.0,3.289474,0.710526,0.842105
Kevin Schade,MID,125.0,34.0,31.0,3.0,3.935484,1.0,3.289474,0.815789,0.894737
Pedro Lomba Neto,MID,125.0,33.0,29.0,4.0,4.172414,1.0,3.289474,0.763158,0.868421
Granit Xhaka,MID,124.0,33.0,31.0,2.0,3.935484,1.0,3.263158,0.815789,0.868421
Mohamed Salah,MID,123.0,26.0,22.0,4.0,5.409091,1.0,3.236842,0.578947,0.684211
Jérémy Doku,MID,120.0,29.0,19.0,10.0,5.789474,1.0,3.157895,0.5,0.763158
Leandro Trossard,MID,119.0,31.0,21.0,10.0,5.190476,1.0,3.131579,0.552632,0.815789
Yankuba Minteh,MID,117.0,33.0,26.0,7.0,4.230769,1.0,3.078947,0.684211,0.868421
Ismaïla Sarr,MID,117.0,27.0,23.0,4.0,4.913043,1.0,3.078947,0.605263,0.710526
Cole Palmer,MID,114.0,25.0,23.0,2.0,4.869565,1.0,3.0,0.605263,0.657895
Mikkel Damsgaard,MID,113.0,32.0,24.0,8.0,4.375,1.0,2.973684,0.631579,0.842105
Eberechi Eze,MID,113.0,32.0,22.0,10.0,4.681818,1.0,2.973684,0.578947,0.842105
Adam Wharton,MID,112.0,33.0,29.0,4.0,3.724138,1.0,2.947368,0.763158,0.868421
Crysencio Summerville,MID,110.0,30.0,28.0,2.0,3.857143,1.0,2.894737,0.736842,0.789474
Moisés Caicedo Corozo,MID,110.0,32.0,31.0,1.0,3.516129,1.0,2.894737,0.815789,0.842105
Noah Okafor,MID,109.0,28.0,19.0,9.0,5.263158,1.0,2.868421,0.5,0.736842
Alexis Mac Allister,MID,108.0,36.0,30.0,6.0,3.4,1.0,2.842105,0.789474,0.947368
João Victor Gomes da Silva,MID,107.0,35.0,32.0,3.0,3.25,1.0,2.815789,0.842105,0.921053
Harvey Barnes,MID,106.0,36.0,19.0,17.0,4.684211,1.0,2.789474,0.5,0.947368
Yehor Yarmoliuk,MID,104.0,37.0,30.0,7.0,3.233333,1.0,2.736842,0.789474,0.973684
John McGinn,MID,103.0,29.0,28.0,1.0,3.642857,1.0,2.710526,0.736842,0.763158
Alex Iwobi,MID,103.0,28.0,28.0,0.0,3.678571,0.0,2.710526,0.736842,0.736842
Tomáš Souček,MID,103.0,34.0,23.0,11.0,4.0,1.0,2.710526,0.605263,0.894737
Emiliano Buendía Stati,MID,102.0,35.0,20.0,15.0,4.35,1.0,2.684211,0.526316,0.921053
Bernardo Mota Veiga de Carvalho e Silva,MID,102.0,37.0,33.0,4.0,2.969697,1.0,2.684211,0.868421,0.973684
Anthony Gordon,MID,101.0,26.0,24.0,2.0,4.125,1.0,2.657895,0.631579,0.684211
Yasin Ayari,MID,98.0,29.0,20.0,9.0,4.45,1.0,2.578947,0.526316,0.763158
Mathias Jensen,MID,98.0,35.0,25.0,10.0,3.52,1.0,2.578947,0.657895,0.921053
Diego Gómez Amarilla,MID,97.0,31.0,25.0,6.0,3.64,1.0,2.552632,0.657895,0.815789
Lesley Ugochukwu,MID,97.0,34.0,26.0,8.0,3.423077,1.0,2.552632,0.684211,0.894737
André Trindade da Costa Neto,MID,96.0,34.0,29.0,5.0,3.137931,1.0,2.526316,0.763158,0.894737
Ryan Sessegnon,MID,95.0,27.0,20.0,7.0,4.4,1.0,2.5,0.526316,0.710526
Mats Wieffer,MID,94.0,25.0,22.0,3.0,4.136364,1.0,2.473684,0.578947,0.657895
Tijjani Reijnders,MID,92.0,27.0,18.0,9.0,4.611111,1.0,2.421053,0.473684,0.710526
Jack Hinshelwood,MID,91.0,26.0,19.0,7.0,4.421053,1.0,2.394737,0.5,0.684211
Sander Berge,MID,91.0,34.0,33.0,1.0,2.727273,1.0,2.394737,0.868421,0.894737
Amad Diallo,MID,91.0,31.0,26.0,5.0,3.307692,1.0,2.394737,0.684211,0.815789
Ibrahim Sangaré,MID,89.0,27.0,24.0,3.0,3.583333,1.0,2.342105,0.631579,0.710526
Callum Hudson-Odoi,MID,88.0,30.0,21.0,9.0,3.761905,1.0,2.315789,0.552632,0.789474
Georginio Rutter,MID,87.0,31.0,20.0,11.0,3.8,1.0,2.289474,0.526316,0.815789
Rodrigo Bentancur,MID,86.0,25.0,22.0,3.0,3.772727,1.0,2.263158,0.578947,0.657895
Florentino Ibrain Morris Luís,MID,84.0,30.0,24.0,6.0,3.25,1.0,2.210526,0.631579,0.789474
Chemsdine Talbi,MID,83.0,28.0,16.0,12.0,4.4375,1.0,2.184211,0.421053,0.736842
Idrissa Gana Gueye,MID,83.0,25.0,25.0,0.0,3.32,0.0,2.184211,0.657895,0.657895
Jacob Murphy,MID,82.0,32.0,18.0,14.0,3.777778,1.0,2.157895,0.473684,0.842105
Omari Hutchinson,MID,82.0,30.0,16.0,14.0,4.25,1.0,2.157895,0.421053,0.789474
Curtis Jones,MID,81.0,33.0,17.0,16.0,3.823529,1.0,2.131579,0.447368,0.868421
Sandro Tonali,MID,81.0,35.0,31.0,4.0,2.483871,1.0,2.131579,0.815789,0.921053
Emile Smith Rowe,MID,80.0,36.0,21.0,15.0,3.095238,1.0,2.105263,0.552632,0.947368
Noah Sadiki,MID,80.0,32.0,32.0,0.0,2.5,0.0,2.105263,0.842105,0.842105
Xavi Simons,MID,80.0,28.0,19.0,9.0,3.736842,1.0,2.105263,0.5,0.736842
Jack Grealish,MID,79.0,20.0,18.0,2.0,4.277778,1.0,2.078947,0.473684,0.526316
Mathys Tel,MID,78.0,30.0,12.0,18.0,5.0,1.0,2.052632,0.315789,0.789474
Pascal Groß,MID,78.0,18.0,17.0,1.0,4.529412,1.0,2.052632,0.447368,0.473684
Tyler Adams,MID,77.0,24.0,20.0,4.0,3.65,1.0,2.026316,0.526316,0.631579
Yéremy Pino Santos,MID,77.0,33.0,26.0,7.0,2.692308,1.0,2.026316,0.684211,0.868421
Amadou Onana,MID,76.0,24.0,21.0,3.0,3.47619,1.0,2.0,0.552632,0.631579
Jordan Henderson,MID,76.0,31.0,21.0,10.0,3.142857,1.0,2.0,0.552632,0.815789
Mohammed Kudus,MID,75.0,19.0,19.0,0.0,3.947368,0.0,1.973684,0.5,0.5
Vitaly Janelt,MID,74.0,24.0,14.0,10.0,4.571429,1.0,1.947368,0.368421,0.631579
Martin Ødegaard,MID,74.0,24.0,16.0,8.0,4.125,1.0,1.947368,0.421053,0.631579
Joelinton Cássio Apolinário de Lira,MID,73.0,27.0,23.0,4.0,3.0,1.0,1.921053,0.605263,0.710526
Kobbie Mainoo,MID,73.0,27.0,15.0,12.0,4.066667,1.0,1.921053,0.394737,0.710526
Lewis Miley,MID,72.0,23.0,15.0,8.0,4.266667,1.0,1.894737,0.394737,0.605263
Noni Madueke,MID,72.0,25.0,15.0,10.0,4.133333,1.0,1.894737,0.394737,0.657895
Pape Matar Sarr,MID,71.0,25.0,13.0,12.0,4.538462,1.0,1.868421,0.342105,0.657895
Josh Cullen,MID,70.0,18.0,18.0,0.0,3.888889,0.0,1.842105,0.473684,0.473684
Lucas Tolentino Coelho de Lima,MID,69.0,18.0,18.0,0.0,3.833333,0.0,1.815789,0.473684,0.473684
Rodrigo 'Rodri' Hernandez Cascante,MID,69.0,21.0,17.0,4.0,3.823529,1.0,1.815789,0.447368,0.552632
Jefferson Lerma Solís,MID,69.0,30.0,17.0,13.0,3.294118,1.0,1.815789,0.447368,0.789474
Youri Tielemans,MID,68.0,24.0,21.0,3.0,3.095238,1.0,1.789474,0.552632,0.631579
Tim Iroegbunam,MID,68.0,28.0,16.0,12.0,3.5,1.0,1.789474,0.421053,0.736842
Saša Lukić,MID,67.0,26.0,20.0,6.0,3.05,1.0,1.763158,0.526316,0.684211
Daichi Kamada,MID,67.0,27.0,21.0,6.0,2.904762,1.0,1.763158,0.552632,0.710526
Mikel Merino Zazón,MID,67.0,21.0,10.0,11.0,5.6,1.0,1.763158,0.263158,0.552632
Tanaka Ao,MID,67.0,27.0,13.0,14.0,4.076923,1.0,1.763158,0.342105,0.710526
Amine Adli,MID,67.0,30.0,10.0,20.0,4.7,1.0,1.763158,0.263158,0.789474
Rayan Vitor Simplício Rocha,MID,67.0,14.0,12.0,2.0,5.416667,1.0,1.763158,0.315789,0.368421
Habib Diarra,MID,65.0,19.0,15.0,4.0,4.066667,1.0,1.710526,0.394737,0.5
Brennan Johnson,MID,65.0,34.0,19.0,15.0,2.631579,1.0,1.710526,0.5,0.894737
Josh King,MID,63.0,31.0,15.0,16.0,3.133333,1.0,1.657895,0.394737,0.815789
Nico González Iglesias,MID,63.0,24.0,16.0,8.0,3.4375,1.0,1.657895,0.421053,0.631579
Jacob Ramsey,MID,62.0,27.0,14.0,13.0,3.5,1.0,1.631579,0.368421,0.710526
Mitoma Kaoru,MID,62.0,25.0,19.0,6.0,2.947368,1.0,1.631579,0.5,0.657895
Samuel Chukwueze,MID,62.0,23.0,10.0,13.0,4.9,1.0,1.631579,0.263158,0.605263
Boubacar Kamara,MID,61.0,18.0,17.0,1.0,3.529412,1.0,1.605263,0.447368,0.473684
Archie Gray,MID,61.0,23.0,18.0,5.0,3.111111,1.0,1.605263,0.473684,0.605263
David Brooks,MID,59.0,31.0,13.0,18.0,3.153846,1.0,1.552632,0.342105,0.815789
Hannibal Mejbri,MID,59.0,26.0,14.0,12.0,3.357143,1.0,1.552632,0.368421,0.684211
Loum Tchaouna,MID,59.0,28.0,13.0,15.0,3.384615,1.0,1.552632,0.342105,0.736842
Estêvão Almeida de Oliveira Gonçalves,MID,58.0,22.0,12.0,10.0,4.0,1.0,1.526316,0.315789,0.578947
Mason Mount,MID,58.0,22.0,11.0,11.0,4.272727,1.0,1.526316,0.289474,0.578947
Gabriel Martinelli Silva,MID,57.0,29.0,10.0,19.0,3.8,1.0,1.5,0.263158,0.763158
Ross Barkley,MID,56.0,20.0,6.0,14.0,7.0,1.0,1.473684,0.157895,0.526316
Carlos Baleba,MID,56.0,30.0,23.0,7.0,2.130435,1.0,1.473684,0.605263,0.789474
Josh Laurent,MID,56.0,33.0,18.0,15.0,2.277778,1.0,1.473684,0.473684,0.868421
Omar Marmoush,MID,56.0,21.0,8.0,13.0,5.375,1.0,1.473684,0.210526,0.552632
Alejandro Garnacho Ferreyra,MID,56.0,24.0,14.0,10.0,3.285714,1.0,1.473684,0.368421,0.631579
Ilia Gruev,MID,56.0,23.0,15.0,8.0,3.2,1.0,1.473684,0.394737,0.605263
Sean Longstaff,MID,56.0,23.0,10.0,13.0,4.3,1.0,1.473684,0.263158,0.605263
Donyell Malen,MID,55.0,21.0,5.0,16.0,7.8,1.0,1.447368,0.131579,0.552632
Hwang Hee-chan,MID,54.0,25.0,17.0,8.0,2.705882,1.0,1.421053,0.447368,0.657895
Dwight McNeil,MID,53.0,22.0,14.0,8.0,3.214286,1.0,1.394737,0.368421,0.578947
Marcus Edwards,MID,51.0,22.0,11.0,11.0,3.636364,1.0,1.342105,0.289474,0.578947
Dan Ndoye,MID,50.0,24.0,14.0,10.0,2.857143,1.0,1.315789,0.368421,0.631579
Lucas Bergvall,MID,49.0,23.0,11.0,12.0,3.363636,1.0,1.289474,0.289474,0.605263
Kevin Santos Lopes de Macedo,MID,49.0,25.0,8.0,17.0,4.0,1.0,1.289474,0.210526,0.657895
Anthony Elanga,MID,48.0,31.0,14.0,17.0,2.214286,1.0,1.263158,0.368421,0.815789
Nicolás Domínguez,MID,48.0,26.0,17.0,9.0,2.294118,1.0,1.263158,0.447368,0.684211
Ryan Christie,MID,47.0,26.0,9.0,17.0,3.333333,1.0,1.236842,0.236842,0.684211
Andrey Nascimento dos Santos,MID,47.0,27.0,13.0,14.0,2.538462,1.0,1.236842,0.342105,0.710526
Wilson Odobert,MID,46.0,24.0,10.0,14.0,3.2,1.0,1.210526,0.263158,0.631579
Jhon Arias,MID,45.0,23.0,14.0,9.0,2.571429,1.0,1.184211,0.368421,0.605263
Will Hughes,MID,45.0,30.0,18.0,12.0,1.833333,1.0,1.184211,0.473684,0.789474
Evann Guessand,MID,44.0,20.0,9.0,11.0,3.666667,1.0,1.157895,0.236842,0.526316
Jean-Ricner Bellegarde,MID,44.0,26.0,15.0,11.0,2.2,1.0,1.157895,0.394737,0.684211
Conor Gallagher,MID,44.0,15.0,13.0,2.0,3.230769,1.0,1.157895,0.342105,0.394737
Rio Ngumoha,MID,43.0,18.0,4.0,14.0,7.25,1.0,1.131579,0.105263,0.473684
Sávio Moreira de Oliveira,MID,43.0,23.0,6.0,17.0,4.333333,1.0,1.131579,0.157895,0.605263
Oscar Bobb,MID,42.0,22.0,10.0,12.0,3.0,1.0,1.105263,0.263158,0.578947
Soungoutou Magassa,MID,42.0,22.0,11.0,11.0,2.818182,1.0,1.105263,0.289474,0.578947
Justin Kluivert,MID,41.0,19.0,10.0,9.0,3.2,1.0,1.078947,0.263158,0.5
Tom Cairney,MID,41.0,23.0,6.0,17.0,4.0,1.0,1.078947,0.157895,0.605263
Jacob Bruun Larsen,MID,41.0,27.0,10.0,17.0,2.4,1.0,1.078947,0.263158,0.710526
Lewis Cook,MID,40.0,17.0,8.0,9.0,3.875,1.0,1.052632,0.210526,0.447368
James Ward-Prowse,MID,40.0,17.0,12.0,5.0,2.916667,1.0,1.052632,0.315789,0.447368
Joe Willock,MID,38.0,23.0,9.0,14.0,2.666667,1.0,1.0,0.236842,0.605263
Marshall Munetsi,MID,38.0,13.0,9.0,4.0,3.777778,1.0,1.0,0.236842,0.342105
Manuel Ugarte Ribeiro,MID,38.0,22.0,8.0,14.0,3.0,1.0,1.0,0.210526,0.578947
Federico Chiesa,MID,37.0,26.0,1.0,25.0,12.0,1.0,0.973684,0.026316,0.684211
Freddie Potts,MID,37.0,22.0,12.0,10.0,2.25,1.0,0.973684,0.315789,0.578947
Jadon Sancho,MID,37.0,23.0,9.0,14.0,2.555556,1.0,0.973684,0.236842,0.605263
Chris Rigg,MID,36.0,17.0,11.0,6.0,2.727273,1.0,0.947368,0.289474,0.447368
Justin Devenny,MID,36.0,20.0,6.0,14.0,3.666667,1.0,0.947368,0.157895,0.526316
Merlin Röhl,MID,36.0,15.0,5.0,10.0,5.2,1.0,0.947368,0.131579,0.394737
Brajan Gruda,MID,35.0,18.0,8.0,10.0,3.125,1.0,0.921053,0.210526,0.473684
James Milner,MID,35.0,19.0,6.0,13.0,3.666667,1.0,0.921053,0.157895,0.5
Douglas Luiz Soares de Paulo,MID,35.0,20.0,11.0,9.0,2.363636,1.0,0.921053,0.289474,0.526316
Simon Adingra,MID,34.0,14.0,9.0,5.0,3.222222,1.0,0.894737,0.236842,0.368421
Wilfried Gnonto,MID,32.0,22.0,4.0,18.0,3.5,1.0,0.842105,0.105263,0.578947
Ryan Yates,MID,30.0,21.0,2.0,19.0,5.5,1.0,0.789474,0.052632,0.552632
Bertrand Traoré,MID,30.0,12.0,9.0,3.0,3.0,1.0,0.789474,0.236842,0.315789
Carlos Alcaraz Durán,MID,29.0,19.0,6.0,13.0,2.666667,1.0,0.763158,0.157895,0.5
Dilane Bakwa,MID,26.0,14.0,6.0,8.0,3.0,1.0,0.684211,0.157895,0.368421
Adama Traoré Diarra,MID,25.0,24.0,1.0,23.0,2.0,1.0,0.657895,0.026316,0.631579
Jamie Bynoe-Gittens,MID,25.0,16.0,5.0,11.0,2.8,1.0,0.657895,0.131579,0.421053
Daniel James,MID,23.0,18.0,6.0,12.0,1.833333,1.0,0.605263,0.157895,0.473684
Leon Bailey,MID,21.0,12.0,2.0,10.0,5.5,1.0,0.552632,0.052632,0.315789
Harrison Armstrong,MID,21.0,12.0,6.0,6.0,2.5,1.0,0.552632,0.157895,0.315789
Tyler Dibling,MID,18.0,14.0,4.0,10.0,2.0,1.0,0.473684,0.105263,0.368421
Yves Bissouma,MID,17.0,11.0,7.0,4.0,1.857143,1.0,0.447368,0.184211,0.289474
James McAtee,MID,17.0,13.0,2.0,11.0,3.0,1.0,0.447368,0.052632,0.342105
Matt O'Riley,MID,16.0,6.0,2.0,4.0,6.0,1.0,0.421053,0.052632,0.157895
Tyrique George,MID,16.0,14.0,1.0,13.0,3.0,1.0,0.421053,0.026316,0.368421
Max Dowman,MID,16.0,5.0,0.0,5.0,11.0,1.0,0.421053,0.0,0.131579
Angel Gomes,MID,16.0,11.0,6.0,5.0,1.833333,1.0,0.421053,0.157895,0.289474
Harrison Reed,MID,15.0,7.0,1.0,6.0,9.0,1.0,0.394737,0.026316,0.184211
Romaine Mundle,MID,14.0,14.0,2.0,12.0,1.0,1.0,0.368421,0.052632,0.368421
Fábio Freitas Gouveia Carvalho,MID,13.0,6.0,1.0,5.0,8.0,1.0,0.342105,0.026316,0.157895
Roméo Lavia,MID,13.0,12.0,4.0,8.0,1.25,1.0,0.342105,0.105263,0.315789
Reiss Nelson,MID,13.0,9.0,0.0,9.0,4.0,1.0,0.342105,0.0,0.236842
Nilson Angulo,MID,13.0,7.0,4.0,3.0,2.5,1.0,0.342105,0.105263,0.184211
Endo Wataru,MID,12.0,8.0,1.0,7.0,5.0,1.0,0.315789,0.026316,0.210526
Fer López González,MID,12.0,9.0,2.0,7.0,2.5,1.0,0.315789,0.052632,0.236842
Frank Onyeka,MID,12.0,6.0,0.0,6.0,6.0,1.0,0.315789,0.0,0.157895
Jack Harrison,MID,12.0,11.0,1.0,10.0,2.0,1.0,0.315789,0.026316,0.289474
Ben Gannon-Doak,MID,11.0,7.0,0.0,7.0,4.0,1.0,0.289474,0.0,0.184211
Andy Irving,MID,9.0,7.0,2.0,5.0,2.0,1.0,0.236842,0.052632,0.184211
Mateo Kovačić,MID,9.0,5.0,1.0,4.0,5.0,1.0,0.236842,0.026316,0.131579
Mohamadou Kanté,MID,9.0,10.0,0.0,10.0,0.0,1.0,0.236842,0.0,0.263158
Guido Rodríguez,MID,8.0,6.0,2.0,4.0,2.0,1.0,0.210526,0.052632,0.157895
Tom Edozie,MID,8.0,3.0,0.0,3.0,5.0,1.0,0.210526,0.0,0.078947
Ethan Nwaneri,MID,8.0,6.0,0.0,6.0,2.0,1.0,0.210526,0.0,0.157895
Alex Tóth,MID,8.0,8.0,1.0,7.0,1.0,1.0,0.210526,0.026316,0.210526
Christian Nørgaard,MID,7.0,6.0,0.0,6.0,1.0,1.0,0.184211,0.0,0.157895
Trey Nyoni,MID,6.0,5.0,0.0,5.0,1.0,1.0,0.157895,0.0,0.131579
Mike Trésor Ndayishimiye,MID,6.0,6.0,0.0,6.0,0.0,1.0,0.157895,0.0,0.157895
Harvey Elliott,MID,5.0,5.0,1.0,4.0,1.0,1.0,0.131579,0.026316,0.131579
Tom Watson,MID,5.0,6.0,0.0,6.0,0.0,1.0,0.131579,0.0,0.157895
Luis Guilherme Lira dos Santos,MID,5.0,5.0,1.0,4.0,1.0,1.0,0.131579,0.026316,0.131579
Hamed Traorè,MID,4.0,1.0,0.0,1.0,3.0,1.0,0.105263,0.0,0.026316
Solly March,MID,4.0,3.0,0.0,3.0,1.0,1.0,0.105263,0.0,0.078947
Romelle Donovan,MID,4.0,4.0,0.0,4.0,0.0,1.0,0.105263,0.0,0.105263
Romain Esse,MID,4.0,4.0,0.0,4.0,0.0,1.0,0.105263,0.0,0.105263
Harry Howell,MID,4.0,3.0,1.0,2.0,2.0,1.0,0.105263,0.026316,0.078947
Facundo Buonanotte,MID,3.0,3.0,1.0,2.0,1.0,1.0,0.078947,0.026316,0.078947
Dan Neil,MID,3.0,3.0,0.0,3.0,0.0,1.0,0.078947,0.0,0.078947
James Maddison,MID,3.0,2.0,0.0,2.0,1.0,1.0,0.078947,0.0,0.052632
Jack Fletcher,MID,3.0,3.0,0.0,3.0,0.0,1.0,0.078947,0.0,0.078947
Shea Lacey,MID,3.0,2.0,0.0,2.0,1.0,1.0,0.078947,0.0,0.052632
Alysson Edward Franco da Rocha dos Santos,MID,3.0,3.0,0.0,3.0,0.0,1.0,0.078947,0.0,0.078947
Tawanda Chirewa,MID,2.0,2.0,0.0,2.0,0.0,1.0,0.052632,0.0,0.052632
Divine Mukasa,MID,2.0,2.0,0.0,2.0,0.0,1.0,0.052632,0.0,0.052632
Josh Dasilva,MID,2.0,2.0,0.0,2.0,0.0,1.0,0.052632,0.0,0.052632
George Hemmings,MID,2.0,2.0,0.0,2.0,0.0,1.0,0.052632,0.0,0.052632
Joél Drakes-Thomas,MID,2.0,2.0,0.0,2.0,0.0,1.0,0.052632,0.0,0.052632
Tyler Fletcher,MID,2.0,1.0,0.0,1.0,1.0,1.0,0.052632,0.0,0.026316
Ben Winterburn,MID,1.0,1.0,0.0,1.0,0.0,1.0,0.026316,0.0,0.026316
Jamaldeen Jimoh-Aloba,MID,1.0,1.0,0.0,1.0,0.0,1.0,0.026316,0.0,0.026316
Joe Knight,MID,1.0,1.0,0.0,1.0,0.0,1.0,0.026316,0.0,0.026316
George Earthy,MID,1.0,1.0,0.0,1.0,0.0,1.0,0.026316,0.0,0.026316
Patrick Roberts,MID,1.0,1.0,0.0,1.0,0.0,1.0,0.026316,0.0,0.026316
Callum Olusesi,MID,1.0,1.0,0.0,1.0,0.0,1.0,0.026316,0.0,0.026316
Jaydon Banel,MID,1.0,1.0,0.0,1.0,0.0,1.0,0.026316,0.0,0.026316
Antoni Milambo,MID,1.0,1.0,1.0,0.0,1.0,0.0,0.026316,0.026316,0.026316
João Pedro Ferreira da Silva,MID,1.0,1.0,0.0,1.0,0.0,1.0,0.026316,0.0,0.026316
Myles Peart-Harris,MID,1.0,1.0,0.0,1.0,0.0,1.0,0.026316,0.0,0.026316
Dário Luís Essugo,MID,1.0,3.0,0.0,3.0,0.0,1.0,0.026316,0.0,0.078947
Kaden Rodney,MID,1.0,1.0,0.0,1.0,0.0,1.0,0.026316,0.0,0.026316
Bradley Burrowes,MID,1.0,1.0,0.0,1.0,0.0,1.0,0.026316,0.0,0.026316
Nehemiah Oriola,MID,1.0,1.0,0.0,1.0,0.0,1.0,0.026316,0.0,0.026316
Bendito Mantato,MID,1.0,1.0,0.0,1.0,0.0,1.0,0.026316,0.0,0.026316
Djiamgone Jocelin Ta Bi,MID,1.0,1.0,1.0,0.0,1.0,0.0,0.026316,0.026316,0.026316
Jesse Derry,MID,1.0,1.0,1.0,0.0,1.0,0.0,0.026316,0.026316,0.026316
